Employee Number,Date,Performance Review
103,2/15/2025,5 - Exceeding Expectations
102,2/21/2025,4 - Meeting Expectations
105,2/16/2025,3 - Satisfactory
101,2/11/2025,3 - Satisfactory
104,2/12/2025,4 - Meeting Expectations
